MSE,MAE,MAPE,n,total_segundos,total_minutos,media_predição
0.9862801173326308,0.7291120538497303,2.0199563102409415,73,0.24671316146850586,0.004111886024475098,0.003379632348883642
