MSE,MAE,MAPE,n,total_segundos,total_minutos,media_predição
0.9804988658274758,0.7228793393554693,2.00913388672485,73,0.251140832901001,0.004185680548350016,0.003440285382205493
