MSE,MAE,MAPE,n,total_segundos,total_minutos,media_predição
0.9536756248242737,0.7213916473452922,2.0070428247339738,76,0.31119441986083984,0.0051865736643473305,0.004094663419221577
