MSE,MAE,MAPE,n,total_segundos,total_minutos,media_predição
1.068992421657916,0.7956376955919771,2.221620782700247,76,0.2704436779022217,0.004507394631703695,0.003558469446081864
