MSE,MAE,MAPE,n,total_segundos,total_minutos,media_predição
0.9118857287384167,0.7286661524160288,2.0221447048826984,76,0.7102429866790771,0.011837383111317953,0.009345302456303647
