MSE,MAE,MAPE,n,total_segundos,total_minutos,media_predição
1.0384510012908614,0.7485602325088295,2.086243813672026,73,0.2657332420349121,0.004428887367248535,0.003640181397738522
