MSE,MAE,MAPE,n,total_segundos,total_minutos,media_predição
0.9791635786903238,0.7162689844636267,1.9880760196343812,73,0.2545607089996338,0.0042426784833272295,0.0034871329999949835
