MSE,MAE,MAPE,n,total_segundos,total_minutos,media_predição
1.0506273521564735,0.7852199217786289,2.184109153946951,76,0.2844812870025635,0.004741354783376058,0.0037431748289810983
