MSE,MAE,MAPE,n,total_segundos,total_minutos,media_predição
0.972101735331378,0.7365400272377417,2.04609677976287,76,0.34719204902648926,0.005786534150441488,0.0045683164345590695
