MSE,MAE,MAPE,n,total_segundos,total_minutos,media_predição
1.0916781861140188,0.7793056561563573,2.1694242955973086,73,0.23197412490844727,0.0038662354151407876,0.0031777277384718804
