MSE,MAE,MAPE,n,total_segundos,total_minutos,media_predição
1.127231838998728,0.794087610566792,2.224327008760032,76,0.3176300525665283,0.005293834209442139,0.0041793427969280044
