MSE,MAE,MAPE,n,total_segundos,total_minutos,media_predição
1.0768667200962816,0.7490577307697454,2.099750517283218,73,0.41657519340515137,0.006942919890085856,0.005706509498700703
