MSE,MAE,MAPE,n,total_segundos,total_minutos,media_predição
0.904874066108689,0.7161176260247485,1.997881795525335,76,0.335834264755249,0.005597237745920817,0.004418871904674329
