MSE,MAE,MAPE,n,total_segundos,total_minutos,media_predição
1.1274466753800936,0.7876366983324862,2.202084480809654,73,0.2438218593597412,0.004063697655995687,0.0033400254706813866
