MSE,MAE,MAPE,n,total_segundos,total_minutos,media_predição
1.0496340757747027,0.7600742668172762,2.1133138379898218,73,0.2608156204223633,0.004346927007039388,0.0035728167181145656
