MSE,MAE,MAPE,n,total_segundos,total_minutos,media_predição
0.9364704687577632,0.7079899555730954,1.9733367218340283,73,0.2885434627532959,0.004809057712554932,0.003952650174702683
