MSE,MAE,MAPE,n,total_segundos,total_minutos,media_predição
0.931403642831535,0.7227038532265114,2.010683013871337,76,0.31580400466918945,0.005263400077819824,0.004155315850910388
