MSE,MAE,MAPE,n,total_segundos,total_minutos,media_predição
1.1111997557274582,0.7786166045523869,2.173939990316839,73,0.25603246688842773,0.004267207781473796,0.0035072940669647634
