MSE,MAE,MAPE,n,total_segundos,total_minutos,media_predição
1.0951155298844752,0.8041887318099176,2.249723911290622,76,0.2636120319366455,0.004393533865610758,0.003468579367587441
