MSE,MAE,MAPE,n,total_segundos,total_minutos,media_predição
0.9436754841428542,0.7476703383146591,2.0910097617341505,76,0.2964622974395752,0.004941038290659587,0.0039008197031523053
