MSE,MAE,MAPE,n,total_segundos,total_minutos,media_predição
1.091882627984887,0.7723803996481701,2.1662458325261666,73,0.3223545551300049,0.005372575918833415,0.004415815823698697
