MSE,MAE,MAPE,n,total_segundos,total_minutos,media_predição
1.0395794692865505,0.7767618830759152,2.166760428355747,76,0.2684452533721924,0.004474087556203207,0.0035321743864762155
