MSE,MAE,MAPE,n,total_segundos,total_minutos,media_predição
0.9540472100699483,0.7221801480478787,2.008589513113532,73,0.24823379516601562,0.004137229919433594,0.0034004629474796663
