MSE,MAE,MAPE,n,total_segundos,total_minutos,media_predição
1.023903508404882,0.7550275818657028,2.1000028660675176,73,0.2478780746459961,0.004131301244099935,0.003395590063643782
