MSE,MAE,MAPE,n,total_segundos,total_minutos,media_predição
0.9903768266128856,0.7482382445582342,2.080930743736373,76,0.40602540969848633,0.006767090161641439,0.0053424396012958725
