MSE,MAE,MAPE,n,total_segundos,total_minutos,media_predição
0.9697625831213555,0.752233062148245,2.0865199467251903,76,0.28879737854003906,0.004813289642333985,0.0037999655071057773
