MSE,MAE,MAPE,n,total_segundos,total_minutos,media_predição
0.9687947575088574,0.7555579575918101,2.099139854527395,76,0.26818299293518066,0.004469716548919677,0.003528723591252377
