MSE,MAE,MAPE,n,total_segundos,total_minutos,media_predição
1.1225760413607713,0.8300231110775599,2.3172386022649265,76,0.26276540756225586,0.004379423459370931,0.003457439573187577
