MSE,MAE,MAPE,n,total_segundos,total_minutos,media_predição
1.0216109545392655,0.7402147436790991,2.067493101902442,73,0.2379143238067627,0.003965238730112712,0.003259100326120037
