MSE,MAE,MAPE,n,total_segundos,total_minutos,media_predição
1.048662527163576,0.775817992023669,2.1680535645143233,76,0.3301992416381836,0.005503320693969726,0.00434472686366031
