MSE,MAE,MAPE,n,total_segundos,total_minutos,media_predição
1.1289061658001147,0.8027247442325959,2.248056031839821,73,0.41160082817077637,0.006860013802846273,0.005638367509188717
