MSE,MAE,MAPE,n,total_segundos,total_minutos,media_predição
1.3026510715017752,0.8481862748254227,2.3847038437227273,73,0.3802371025085449,0.006337285041809082,0.005208727431623903
