MSE,MAE,MAPE,n,total_segundos,total_minutos,media_predição
1.1772839654398286,0.8121009305219259,2.2653337669496443,73,0.32796192169189453,0.005466032028198242,0.004492629064272528
