MSE,MAE,MAPE,n,total_segundos,total_minutos,media_predição
0.9405514815717029,0.7284199843364518,2.021639302177664,76,0.4521028995513916,0.007535048325856527,0.0059487223625183105
