MSE,MAE,MAPE,n,total_segundos,total_minutos,media_predição
0.9897911991492045,0.7428003839255888,2.0658144448655342,76,0.31682896614074707,0.005280482769012451,0.0041688021860624615
