MSE,MAE,MAPE,n,total_segundos,total_minutos,media_predição
1.2604297282407337,0.8535157772517793,2.3879119596327176,73,0.2707984447479248,0.004513307412465414,0.0037095677362729423
