MSE,MAE,MAPE,n,total_segundos,total_minutos,media_predição
1.0282483045368815,0.7650063055435984,2.1292355576204143,76,0.4629642963409424,0.007716071605682373,0.006091635478170295
