MSE,MAE,MAPE,n,total_segundos,total_minutos,media_predição
1.1515333527613463,0.8008710188958157,2.2314927736994714,73,0.2706291675567627,0.004510486125946045,0.003707248870640585
