MSE,MAE,MAPE,n,total_segundos,total_minutos,media_predição
1.1186380307146404,0.7930764795243114,2.218505180916452,76,0.26146626472473145,0.004357771078745524,0.0034403455884833086
