MSE,MAE,MAPE,n,total_segundos,total_minutos,media_predição
0.9348446119047884,0.701415203377502,1.9499398460566464,73,0.2692403793334961,0.004487339655558268,0.0036882243744314532
